0,0,lh4rOIZshFqmCXxMplPJ4BuwwN0=,6IirOliKnO7tMFVG/TVFXxLjT2E=
0,1,lh4rOIZshFqmCXxMplPJ4BuwwN0=,R0iacmJ5pwbCdtfxD+gekmY6NOA=
0,2,lh4rOIZshFqmCXxMplPJ4BuwwN0=,R0iacmJ5pwbCdtfxD+gekmY6NOA=
0,3,lh4rOIZshFqmCXxMplPJ4BuwwN0=,R0iacmJ5pwbCdtfxD+gekmY6NOA=
0,4,lh4rOIZshFqmCXxMplPJ4BuwwN0=,R0iacmJ5pwbCdtfxD+gekmY6NOA=
0,5,lh4rOIZshFqmCXxMplPJ4BuwwN0=,R0iacmJ5pwbCdtfxD+gekmY6NOA=
0,6,lh4rOIZshFqmCXxMplPJ4BuwwN0=,3en03a+57Kl7ekrabimoCyPchlQ=
0,8,lh4rOIZshFqmCXxMplPJ4BuwwN0=,2RF3uxu/5bjhEoeS0iQcTQhvPLI=
1,1,lh4rOIZshFqmCXxMplPJ4BuwwN0=,B60EEMuBnslAUU0iGr0mjTcySPc=
1,0,lh4rOIZshFqmCXxMplPJ4BuwwN0=,XeWqZ6uyEVTW+HR4q+S4yit+Izc=
1,3,lh4rOIZshFqmCXxMplPJ4BuwwN0=,2RF3uxu/5bjhEoeS0iQcTQhvPLI=
1,2,lh4rOIZshFqmCXxMplPJ4BuwwN0=,XeWqZ6uyEVTW+HR4q+S4yit+Izc=
1,5,lh4rOIZshFqmCXxMplPJ4BuwwN0=,3en03a+57Kl7ekrabimoCyPchlQ=
1,4,lh4rOIZshFqmCXxMplPJ4BuwwN0=,3en03a+57Kl7ekrabimoCyPchlQ=
1,8,lh4rOIZshFqmCXxMplPJ4BuwwN0=,3en03a+57Kl7ekrabimoCyPchlQ=
2,2,lh4rOIZshFqmCXxMplPJ4BuwwN0=,3CMmcvwscYYblUw3DS54NSdrOLU=
2,0,lh4rOIZshFqmCXxMplPJ4BuwwN0=,3CMmcvwscYYblUw3DS54NSdrOLU=
2,1,lh4rOIZshFqmCXxMplPJ4BuwwN0=,3CMmcvwscYYblUw3DS54NSdrOLU=
3,2,lh4rOIZshFqmCXxMplPJ4BuwwN0=,D9XT4iO4pmaHi5W9YBt87uFPKZw=
3,1,lh4rOIZshFqmCXxMplPJ4BuwwN0=,D9XT4iO4pmaHi5W9YBt87uFPKZw=
3,0,lh4rOIZshFqmCXxMplPJ4BuwwN0=,D9XT4iO4pmaHi5W9YBt87uFPKZw=
5,2,lh4rOIZshFqmCXxMplPJ4BuwwN0=,xgNq92ArantZahkvtW/BSMqtKGc=
9,0,h1mAbITSmqbdIec9L9672BL0S84=,T6v5IO1Y1aEYlMbgsqcffJYR0gI=
